FirstName,Gender
"","A"
"Aaden","M"
"Aadhya","F"
"Aadya","F"
"Aaleyah","F"
"Aaliyah","F"
"Aamir","M"
"Aanund","M"
"Aanya","F"
"Aaralyn","F"
"Aarav","M"
"Aarna","F"
"Aaron","M"
"Aarush","M"
"Aarya","F"
"Aaryan","M"
"Aayan","M"
"Aayden","M"
"Abagail","F"
"Abbey","F"
"Abbie","F"
"Abbigail","F"
"Abby","F"
"Abbygail","F"
"Abdiel","M"
"Abdirahman","M"
"Abdul","M"
"Abdullah","M"
"Abdullahi","M"
"Abdulrahman","M"
"Abel","M"
"Abhay","M"
"Abhinav","M"
"Abigail","F"
"Abigale","F"
"Abigayle","F"
"Abner","M"
"Abraham","M"
"Abram","M"
"Abrianna","F"
"Abriella","F"
"Abrielle","F"
"Abril","F"
"Ace","M"
"Achilles","M"
"Ad","M"
"Ada","F"
"Adalee","F"
"Adaleigh","F"
"Adalie","F"
"Adaline","F"
"Adalyn","F"
"Adalynn","F"
"Adam","M"
"Adamaris","F"
"Adan","M"
"Addalyn","F"
"Addalynn","F"
"Addelyn","F"
"Addie","F"
"Addilyn","F"
"Addilynn","F"
"Addison","A"
"Addisyn","F"
"Addyson","F"
"Adela","F"
"Adelaide","F"
"Adele","F"
"Adelina","F"
"Adeline","F"
"Adelyn","F"
"Adelynn","F"
"Aden","M"
"Adi","F"
"Adilene","F"
"Adilyn","F"
"Adilynn","F"
"Adina","F"
"Aditi","F"
"Aditya","M"
"Adler","M"
"Adley","F"
"Adolf","M"
"Adolfo","M"
"Adolph","M"
"Adonis","M"
"Adrian","A"
"Adriana","F"
"Adrianna","F"
"Adriano","M"
"Adriel","M"
"Adrien","M"
"Adrienne","F"
"Adyson","F"
"Aedan","M"
"Aeleen","F"
"Aephraim","M"
"Agnes","F"
"Agustin","M"
"Ahmad","M"
"Ahmed","M"
"Ahmir","M"
"Aida","F"
"Aidan","M"
"Aiden","M"
"Aidyn","M"
"Aila","F"
"Ailani","F"
"Aileen","F"
"Ailyn","F"
"Aimee","F"
"Ainsley","F"
"Aisha","F"
"Aiyana","F"
"Aiyanna","F"
"Aiza","F"
"Ajay","M"
"Akira","F"
"Akiyoshi","M"
"Aksel","M"
"Akshara","F"
"Alain","M"
"Alaina","F"
"Alan","M"
"Alana","F"
"Alanah","F"
"Alani","F"
"Alanis","F"
"Alanna","F"
"Alannah","F"
"Alaric","M"
"Alastair","M"
"Alaya","F"
"Alayah","F"
"Alayna","F"
"Alaysia","F"
"Alba","F"
"Albert","M"
"Albert-László","M"
"Alberta","F"
"Alberto","M"
"Albrecht","M"
"Alcino","M"
"Alden","M"
"Aldo","M"
"Aleah","F"
"Alec","M"
"Aleeah","F"
"Aleena","F"
"Aleigha","F"
"Alejandra","F"
"Alejandro","M"
"Alek","M"
"Aleksander","M"
"Aleksandr","M"
"Alena","F"
"Alessa","F"
"Alessandra","F"
"Alessandro","M"
"Alessia","F"
"Alex","A"
"Alexa","F"
"Alexander","M"
"Alexandra","F"
"Alexandre","M"
"Alexandria","F"
"Alexandro","M"
"Alexavier","M"
"Alexei","M"
"Alexia","F"
"Alexis","A"
"Alexus","F"
"Alexzander","M"
"Aleyah","F"
"Aleyda","F"
"Alfonso","M"
"Alfred","M"
"Alfredo","M"
"Alfried","M"
"Ali","A"
"Alia","F"
"Aliah","F"
"Aliana","F"
"Alianna","F"
"Alice","F"
"Alicia","F"
"Alijah","M"
"Alina","F"
"Aline","F"
"Alisa","F"
"Alisha","F"
"Alison","F"
"Alissa","F"
"Alisson","F"
"Alistair","M"
"Alivia","F"
"Alix","F"
"Aliya","F"
"Aliyah","F"
"Aliyana","F"
"Aliza","F"
"Allan","M"
"Allen","M"
"Alli","F"
"Allie","F"
"Allison","F"
"Ally","F"
"Allyson","F"
"Alma","F"
"Alois","M"
"Alondra","F"
"Alonso","M"
"Alonzo","M"
"Alora","F"
"Alta","F"
"Alton","M"
"Alva","M"
"Alvar","M"
"Alvaro","M"
"Alvin","M"
"Alvina","F"
"Alwyn","M"
"Alyanna","F"
"Alyce","F"
"Alyna","F"
"Alyse","F"
"Alyson","F"
"Alyssa","F"
"Alyvia","F"
"Amalia","F"
"Amanda","F"
"Amani","F"
"Amar","M"
"Amara","F"
"Amare","M"
"Amari","A"
"Amariah","F"
"Amarie","F"
"Amarion","M"
"Amaris","F"
"Amartya","M"
"Amaya","F"
"Amayah","F"
"Amber","F"
"Amberly","F"
"Ameer","M"
"Ameera","F"
"Amelia","F"
"Amelie","F"
"America","F"
"Amerie","F"
"Amia","F"
"Amiah","F"
"Amie","F"
"Amilia","F"
"Amina","F"
"Aminah","F"
"Amir","M"
"Amira","F"
"Amirah","F"
"Amit","M"
"Amiya","F"
"Amiyah","F"
"Ammar","M"
"Amon","M"
"Amor","F"
"Amora","F"
"Amos","M"
"Amy","F"
"Amya","F"
"Amyah","F"
"Ana","F"
"Anabel","F"
"Anabella","F"
"Anabelle","F"
"Anahi","F"
"Anaiah","F"
"Anais","F"
"Anakin","M"
"Analeigh","F"
"Analia","F"
"Analise","F"
"Ananya","F"
"Anas","M"
"Anastasia","F"
"Anastasios","M"
"Anatoly","M"
"Anaya","F"
"Anayah","F"
"Ander","M"
"Anders","M"
"Anderson","M"
"Andi","F"
"Andie","F"
"Andre","M"
"Andrea","A"
"Andreas","M"
"Andres","M"
"Andreu","M"
"Andrew","M"
"Andrey","M"
"Andy","M"
"Angel","A"
"Angela","F"
"Angelica","F"
"Angelina","F"
"Angeline","F"
"Angelique","F"
"Angelo","M"
"Angely","F"
"Angie","F"
"Angus","M"
"Ani","F"
"Aniah","F"
"Anika","F"
"Anil","M"
"Anisa","F"
"Anish","M"
"Aniston","F"
"Anistyn","F"
"Anita","F"
"Aniya","F"
"Aniyah","F"
"Anjali","F"
"Anjan","M"
"Anke","F"
"Ann","F"
"Anna","F"
"Anna-Sara","F"
"Annabel","F"
"Annabell","F"
"Annabella","F"
"Annabelle","F"
"Annabeth","F"
"Annalee","F"
"Annaleigh","F"
"Annaliese","F"
"Annalisa","F"
"Annalise","F"
"Annamarie","F"
"Anne","F"
"Anneliese","F"
"Annelise","F"
"Annette","F"
"Annie","F"
"Annika","F"
"Anniston","F"
"Annmarie","F"
"Anny","F"
"Ansel","M"
"Ansh","M"
"Anshu","M"
"Ansleigh","F"
"Ansley","F"
"Anson","M"
"Anthony","M"
"Antia","F"
"Antoine","M"
"Antoinette","F"
"Anton","M"
"Antonella","F"
"Antonia","F"
"Antonin","M"
"Antonio","M"
"Antonios","M"
"Antony","M"
"Antti","M"
"Antwan","M"
"Anuj","M"
"Anya","F"
"Anyla","F"
"Anylah","F"
"Apollo","M"
"Apostolos","M"
"April","F"
"Ara","M"
"Arabella","F"
"Arabelle","F"
"Araceli","F"
"Aracely","F"
"Arantza","F"
"Aranza","F"
"Araya","F"
"Archer","M"
"Archie","M"
"Arden","F"
"Ardon","M"
"Areli","F"
"Arely","F"
"Arend","M"
"Ares","M"
"Ari","A"
"Aria","F"
"Ariadna","F"
"Ariadne","F"
"Ariah","F"
"Arian","M"
"Ariana","F"
"Ariane","F"
"Arianna","F"
"Arianny","F"
"Aribella","F"
"Ariel","A"
"Ariela","F"
"Ariella","F"
"Arielle","F"
"Arien","F"
"Aries","M"
"Arionna","F"
"Aristides","M"
"Aristidis","M"
"Aristotle","M"
"Ariya","F"
"Ariyah","F"
"Ariyana","F"
"Ariyanna","F"
"Arjun","M"
"Arlene","F"
"Arleth","F"
"Arlette","F"
"Arline","F"
"Arlo","M"
"Armaan","M"
"Arman","M"
"Armando","M"
"Armani","A"
"Armen","M"
"Armin","M"
"Armond","M"
"Arnav","M"
"Arne","M"
"Arno","M"
"Arnold","M"
"Aron","M"
"Arthur","M"
"Artur","M"
"Arturo","M"
"Arwen","F"
"Arya","F"
"Aryan","M"
"Aryana","F"
"Aryanna","F"
"Asa","A"
"Asaf","M"
"Asbjørn","M"
"Asha","F"
"Ashanti","F"
"Asher","M"
"Ashlee","F"
"Ashleigh","F"
"Ashley","F"
"Ashly","F"
"Ashlyn","F"
"Ashlynn","F"
"Ashton","A"
"Ashtyn","F"
"Asia","F"
"Asifa","F"
"Asiya","F"
"Aspen","F"
"Aspyn","F"
"Aston","M"
"Astrid","F"
"Athan","M"
"Athena","F"
"Atlas","M"
"Atreyu","M"
"Atsuko","F"
"Atticus","M"
"Aubree","F"
"Aubrey","A"
"Aubri","F"
"Aubriana","F"
"Aubrianna","F"
"Aubrie","F"
"Aubriella","F"
"Aubrielle","F"
"Audra","F"
"Audree","F"
"Audrey","F"
"Audriana","F"
"Audrianna","F"
"Audrie","F"
"Audrina","F"
"August","A"
"Augusta","F"
"Auguste","M"
"Augustine","M"
"Augustus","M"
"Aurelia","F"
"Aurélie","F"
"Aurora","F"
"Austen","M"
"Austin","A"
"Austyn","A"
"Autumn","F"
"Ava","F"
"Avah","F"
"Avalon","F"
"Avalyn","F"
"Avalynn","F"
"Avani","F"
"Avarie","F"
"Avelino","M"
"Aven","A"
"Averi","F"
"Averie","F"
"Avery","A"
"Avi","M"
"Aviana","F"
"Avianna","F"
"Avion","M"
"Avraham","M"
"Avril","F"
"Avshalom","M"
"Axel","M"
"Axl","M"
"Axle","M"
"Axton","M"
"Aya","F"
"Ayaan","M"
"Ayah","F"
"Ayan","M"
"Ayana","F"
"Ayanna","F"
"Aydan","M"
"Ayden","M"
"Aydin","M"
"Ayesha","F"
"Ayla","F"
"Ayleen","F"
"Aylin","F"
"Ayva","F"
"Ayvah","F"
"Azael","M"
"Azalea","F"
"Azaria","F"
"Azariah","A"
"Azul","F"
"Baidyanath","M"
"Bailee","F"
"Bailey","A"
"Barbara","F"
"Barnabas","M"
"Baron","M"
"Barrett","M"
"Barry","M"
"Bart","M"
"Bas","M"
"Basil","M"
"Bastian","M"
"Batja","F"
"Batsheva","F"
"Batya","F"
"Baylee","F"
"Bayleigh","F"
"Baylor","A"
"Bear","M"
"Beatrice","F"
"Beatrix","F"
"Beatriz","F"
"Beau","M"
"Beck","M"
"Beckett","M"
"Beckham","M"
"Bede","M"
"Belen","F"
"Belinda","F"
"Bella","F"
"Bellamy","F"
"Belle","F"
"Ben","M"
"Benedict","M"
"Benedikt","M"
"Bengt","M"
"Benicio","M"
"Benjamin","M"
"Bennett","A"
"Bennie","M"
"Benny","M"
"Benson","M"
"Bentlee","M"
"Bentley","A"
"Bently","M"
"Benton","M"
"Berkley","F"
"Bernadette","F"
"Bernard","M"
"Bernardo","M"
"Bernhard","M"
"Bernice","F"
"Berniece","F"
"Berry","M"
"Bert","M"
"Bertha","F"
"Bertie","F"
"Bertil","M"
"Bertram","M"
"Bertrand","M"
"Berys","M"
"Bessie","F"
"Beth","F"
"Bethany","F"
"Betsey","F"
"Betsy","F"
"Bettie","F"
"Betty","F"
"Beulah","F"
"Beverly","F"
"Bhaskar","M"
"Bianca","F"
"Bigna","F"
"Bilal","M"
"Bill","M"
"Billie","F"
"Billy","M"
"Birdie","F"
"Bishop","M"
"Björn","M"
"Blaine","M"
"Blair","A"
"Blaire","F"
"Blaise","M"
"Blake","A"
"Blakely","F"
"Blanca","F"
"Blanch","F"
"Blanche","F"
"Blaze","M"
"Blessing","F"
"Blythe","F"
"Bo","M"
"Boaz","M"
"Bob","M"
"Bobby","M"
"Bode","M"
"Boden","M"
"Bodhi","M"
"Bodie","M"
"Bonnie","F"
"Booker","M"
"Boone","M"
"Boris","M"
"Boston","M"
"Bowen","M"
"Brad","M"
"Braden","M"
"Bradford","M"
"Bradley","M"
"Brady","M"
"Bradyn","M"
"Braeden","M"
"Braedyn","M"
"Braelyn","F"
"Braelynn","F"
"Braiden","M"
"Branden","M"
"Brandon","M"
"Brandt","M"
"Branson","M"
"Brantlee","M"
"Brantley","M"
"Braxton","M"
"Braxtyn","M"
"Brayan","M"
"Brayden","M"
"Braydon","M"
"Braylee","F"
"Brayleigh","F"
"Braylen","M"
"Braylin","A"
"Braylon","M"
"Braylynn","F"
"Brayson","M"
"Brea","F"
"Breanna","F"
"Brecken","M"
"Bree","F"
"Brenda","F"
"Brendan","M"
"Brenden","M"
"Brendon","M"
"Brenna","F"
"Brennan","M"
"Brennen","M"
"Brent","M"
"Brentley","M"
"Brently","M"
"Brenton","M"
"Brett","M"
"Bria","F"
"Brian","M"
"Briana","F"
"Brianna","F"
"Briar","A"
"Brice","M"
"Bridger","M"
"Bridget","F"
"Bridgette","F"
"Briella","F"
"Brielle","F"
"Briggs","M"
"Brigham","M"
"Brighton","M"
"Brigitte","F"
"Briley","F"
"Brinlee","F"
"Brinley","F"
"Brisa","F"
"Bristol","F"
"Britney","F"
"Brittany","F"
"Brittney","F"
"Britton","M"
"Brixton","M"
"Brock","M"
"Broderick","M"
"Brodie","M"
"Brody","M"
"Brogan","M"
"Bronson","M"
"Bronwen","F"
"Bronx","M"
"Brooke","F"
"Brookelynn","F"
"Brooklyn","F"
"Brooklynn","F"
"Brooks","M"
"Bruce","M"
"Bruno","M"
"Bryan","M"
"Bryanna","F"
"Bryant","M"
"Bryce","M"
"Brycen","M"
"Bryden","M"
"Brylee","F"
"Bryleigh","F"
"Brylie","F"
"Bryn","F"
"Brynlee","F"
"Brynleigh","F"
"Brynley","F"
"Brynn","F"
"Brysen","M"
"Bryson","M"
"Brystol","F"
"Burkhard","M"
"Burrhus","M"
"Byron","M"
"Cade","M"
"Caden","M"
"Cadence","F"
"Cael","M"
"Caelyn","F"
"Caiden","M"
"Cailyn","F"
"Cain","M"
"Cairo","M"
"Caitlin","F"
"Caitlyn","F"
"Caius","M"
"Cal","M"
"Cale","M"
"Caleb","M"
"Caleigh","F"
"Cali","F"
"Calista","F"
"Calla","F"
"Callan","M"
"Calleigh","F"
"Callen","M"
"Callie","F"
"Calliope","F"
"Callum","M"
"Calvin","M"
"Cambree","F"
"Cambria","F"
"Cambrie","F"
"Camden","A"
"Camdyn","A"
"Cameron","A"
"Camila","F"
"Camilla","F"
"Camille","F"
"Camilo","M"
"Campbell","A"
"Camren","M"
"Camron","M"
"Camryn","A"
"Canaan","M"
"Candace","F"
"Candice","F"
"Cannon","M"
"Canon","M"
"Canyon","M"
"Capri","F"
"Cara","F"
"Carel","F"
"Carina","F"
"Carissa","F"
"Carl","M"
"Carla","F"
"Carlee","F"
"Carleigh","F"
"Carley","F"
"Carli","F"
"Carlie","F"
"Carlo","M"
"Carlos","M"
"Carlton","M"
"Carly","F"
"Carmela","F"
"Carmella","F"
"Carmello","M"
"Carmelo","M"
"Carmen","F"
"Carmine","M"
"Carol","F"
"Carolina","F"
"Caroline","F"
"Carolyn","F"
"Carrie","F"
"Carroll","M"
"Carsen","M"
"Carson","A"
"Carsten","M"
"Carsyn","F"
"Carter","A"
"Carver","M"
"Carys","F"
"Case","M"
"Casen","M"
"Casey","A"
"Cash","M"
"Cashton","M"
"Caslav","M"
"Cason","M"
"Cass","M"
"Cassandra","F"
"Cassidy","F"
"Cassie","F"
"Cassius","M"
"Castiel","M"
"Cataleya","F"
"Catalina","F"
"Caterina","F"
"Catharine","F"
"Catherine","F"
"Cattleya","F"
"Cayden","M"
"Caydence","F"
"Cayla","F"
"Caylee","F"
"Cayleigh","F"
"Caysen","M"
"Cayson","M"
"Cecelia","F"
"Cecil","A"
"Cecile","F"
"Cecilia","F"
"Cecillia","F"
"Cecily","F"
"Cedric","M"
"Cees","M"
"Cei","F"
"Celeste","F"
"Celia","F"
"Celina","F"
"Celine","F"
"Cesar","M"
"Chace","M"
"Chad","M"
"Chaim","M"
"Chana","F"
"Chance","M"
"Chandler","A"
"Chandra","M"
"Chanel","F"
"Changbing","M"
"Channing","A"
"Charis","F"
"Charity","F"
"Charlee","F"
"Charleigh","F"
"Charlene","F"
"Charles","M"
"Charley","A"
"Charli","F"
"Charlie","A"
"Charlize","F"
"Charlotte","F"
"Charly","F"
"Chase","M"
"Chasity","F"
"Chaya","F"
"Chaz","M"
"Chelsea","F"
"Chelsey","F"
"Chen","M"
"Cheri","F"
"Cherish","F"
"Cheryl","F"
"Cheryll","F"
"Chester","M"
"Chevelle","F"
"Chevy","M"
"Cheyanne","F"
"Cheyenne","F"
"Chiara","F"
"Chien-Shiung","F"
"Chiiko","F"
"Chitta","M"
"Chloe","F"
"Choo","M"
"Choongkil","M"
"Chris","M"
"Christian","A"
"Christiana","F"
"Christiane","F"
"Christina","F"
"Christine","F"
"Christof","M"
"Christoph","M"
"Christopher","M"
"Christy","F"
"Chuan-Feng","M"
"Chyna","F"
"Cian","M"
"Ciara","F"
"Cielo","F"
"Cierra","F"
"Cindy","F"
"Citlali","F"
"Claes","M"
"Claira","F"
"Claire","F"
"Clara","F"
"Clare","F"
"Clarence","M"
"Clarice","F"
"Clarissa","F"
"Clark","M"
"Claude","M"
"Claudia","F"
"Claudine","F"
"Claudio","A"
"Claus","M"
"Clay","M"
"Clayton","M"
"Clemens","M"
"Clementine","F"
"Cleo","F"
"Cleveland","M"
"Cliff","M"
"Clifford","M"
"Clifton","M"
"Clint","M"
"Clintin","M"
"Clinton","M"
"Clive","M"
"Clover","F"
"Clyde","M"
"Coby","M"
"Cody","M"
"Coen","M"
"Cohen","M"
"Colbie","F"
"Colby","M"
"Cole","M"
"Coleman","M"
"Colette","F"
"Colin","M"
"Colleen","F"
"Collin","M"
"Collins","F"
"Colson","M"
"Colt","M"
"Colten","M"
"Colter","M"
"Colton","M"
"Conal","M"
"Concepcion","F"
"Conner","M"
"Connie","F"
"Connor","M"
"Conor","M"
"Conrad","M"
"Constance","F"
"Constantine","M"
"Consuelo","F"
"Cooper","A"
"Cora","F"
"Coral","F"
"Coralie","F"
"Coraline","F"
"Corban","M"
"Corbin","M"
"Corbyn","M"
"Cordelia","F"
"Cordell","M"
"Corey","M"
"Corina","F"
"Corine","F"
"Corinne","F"
"Cormac","M"
"Cornelia","F"
"Cornelius","M"
"Corrado","M"
"Cortez","M"
"Cory","M"
"Cosette","F"
"Courtney","A"
"Coy","M"
"Craig","M"
"Creed","M"
"Crew","M"
"Crighton","M"
"Crispin","M"
"Cristal","F"
"Cristian","M"
"Cristiano","M"
"Cristina","F"
"Cristobal","M"
"Cristopher","M"
"Crosbie","M"
"Crosby","M"
"Cruz","M"
"Crystal","F"
"Cullen","M"
"Cumrun","M"
"Curtis","M"
"Cynthia","F"
"Cyril","M"
"Cyrus","M"
"D.","M"
"Dafne","F"
"Dahlia","F"
"Daisy","F"
"Dakari","M"
"Dakota","A"
"Dalary","F"
"Dale","M"
"Daleysa","F"
"Daleyza","F"
"Dalia","F"
"Dalila","F"
"Dalilah","F"
"Dallas","A"
"Dalton","M"
"Damani","M"
"Damari","M"
"Damarion","M"
"Damaris","F"
"Damian","M"
"Damien","M"
"Damion","M"
"Damir","M"
"Damon","M"
"Damoni","M"
"Dan","M"
"Dana","A"
"Danae","F"
"Dane","M"
"Dangelo","M"
"Dani","F"
"Dania","F"
"Danica","F"
"Daniel","M"
"Daniela","F"
"Daniele","F"
"Daniella","F"
"Danielle","F"
"Danika","F"
"Danilo","M"
"Danna","F"
"Danny","M"
"Dante","M"
"Daphna","F"
"Daphne","F"
"Darby","F"
"Darcy","A"
"Daria","F"
"Darian","M"
"Dariana","F"
"Dariel","M"
"Darien","M"
"Dario","M"
"Darius","M"
"Darla","F"
"Darlene","F"
"Darnell","M"
"Darrell","M"
"Darren","M"
"Darrick","M"
"Darryl","M"
"Darwin","M"
"Daryl","M"
"Dash","M"
"Dashawn","M"
"Dashiell","M"
"Dasia","F"
"Dave","M"
"Davian","M"
"David","M"
"Davide","M"
"David John","M"
"Davin","M"
"Davina","F"
"Davion","M"
"Davis","M"
"Davon","M"
"Dawson","M"
"Dax","M"
"Daxton","M"
"Dayana","F"
"Dayanna","F"
"Daylen","M"
"Dayton","M"
"Deacon","M"
"Dean","M"
"Deandre","M"
"Deangelo","M"
"Deanna","F"
"Deasia","F"
"Debbie","F"
"Debi","F"
"Deborah","F"
"Debra","F"
"Decio","A"
"Decker","M"
"Declan","M"
"Deegan","M"
"Deena","F"
"Deepak","M"
"Deion","M"
"Deirdre","F"
"Deirdre N.","F"
"Deja","F"
"Deklan","M"
"Del","M"
"Delaney","F"
"Delanie","F"
"Delbert","M"
"Delia","F"
"Delilah","F"
"Della","F"
"Delphine","F"
"Demarcus","M"
"Demarion","M"
"Demetrius","M"
"Demi","F"
"Denes","M"
"Denis","M"
"Denise","F"
"Denisse","F"
"Dennis","M"
"Denver","A"
"Denzel","M"
"Deon","M"
"Dereck","M"
"Derek","M"
"Derick","M"
"Derrick","M"
"Deshawn","M"
"Desirae","F"
"Desiree","F"
"Desmond","M"
"Dessie","F"
"Destin","M"
"Destinee","F"
"Destiny","F"
"Detlef","M"
"Detlev","M"
"Dev","M"
"Devan","M"
"Deven","M"
"Devendra","M"
"Devin","A"
"Devon","M"
"Devonte","M"
"Devorah","F"
"Devyn","A"
"Dewayne","M"
"Dexter","M"
"Dezmond","M"
"Dhruv","M"
"Diamond","F"
"Diana","F"
"Diane","F"
"Dianna","F"
"Didier","M"
"Diego","M"
"Diesel","M"
"Dieter","M"
"Dilan","M"
"Dillan","M"
"Dillon","M"
"Dimitri","M"
"Dina","F"
"Dion","M"
"Dior","F"
"Dirk","M"
"Dixie","F"
"Diya","F"
"Dmitri","M"
"Dmitry","M"
"Dollie","F"
"Dolly","F"
"Dolores","F"
"Domenic","M"
"Domenico","M"
"Dominic","M"
"Dominick","M"
"Dominik","M"
"Dominique","A"
"Don","M"
"Donald","M"
"Donna","F"
"Donnie","M"
"Donovan","M"
"Donte","M"
"Dora","F"
"Doreen","F"
"Dorian","M"
"Dorion","M"
"Doris","F"
"Dorit","F"
"Dorothea","F"
"Dorothée","F"
"Dorothy","F"
"Douglas","M"
"Dov","M"
"Dovie","F"
"Drake","M"
"Draven","M"
"Drew","A"
"Dudley","M"
"Dugald","M"
"Duke","M"
"Dulce","F"
"Duncan","M"
"Dustin","M"
"Dwayne","M"
"Dwight","M"
"Dylan","A"
"Eamon","M"
"Ean","M"
"Earl","M"
"Earnest","M"
"Eason","M"
"Easton","M"
"Eberhard","M"
"Eckart","M"
"Ed","M"
"Eddie","A"
"Eddy","M"
"Eden","A"
"Eder","M"
"Edgar","M"
"Edgardo","M"
"Edie","F"
"Edison","M"
"Edith","A"
"Edmund","M"
"Edna","F"
"Edoardo","M"
"Edouard","M"
"Eduard","M"
"Eduardo","M"
"Edward","M"
"Edwin","M"
"Edythe","F"
"Effie","F"
"Efraim","M"
"Efrain","M"
"Egbert","M"
"Egypt","F"
"Ehab","M"
"Ehud","M"
"Eileen","F"
"Einhard","M"
"Eisley","F"
"Eiza","F"
"Ekkehart","M"
"El?bieta","F"
"Elad","M"
"Elaina","F"
"Elaine","F"
"Elan","M"
"Elana","F"
"Elayna","F"
"Elbert","M"
"Elda","F"
"Eleanor","F"
"Eleanora","F"
"Eleanore","F"
"Eleazar","M"
"Electra","F"
"Elena","F"
"Eleni","F"
"Eleonora","F"
"Eli","M"
"Elia","F"
"Elian","M"
"Eliana","F"
"Elianna","F"
"Elias","M"
"Elie","M"
"Eliel","M"
"Eliezer","M"
"Elijah","M"
"Elin","F"
"Elina","F"
"Elinor","F"
"Eliot","M"
"Elisa","F"
"Elisabeth","F"
"Elisabetta","F"
"Elise","F"
"Eliseo","M"
"Elisha","A"
"Elissa","F"
"Eliyahu","M"
"Eliza","F"
"Elizabeth","F"
"Elizaveta","F"
"Ella","F"
"Elle","F"
"Ellen","F"
"Ellery","A"
"Elli","F"
"Elliana","F"
"Ellianna","F"
"Ellie","F"
"Elliette","F"
"Elliot","A"
"Elliott","A"
"Ellis","A"
"Ellison","F"
"Elly","F"
"Ellyana","F"
"Elma","F"
"Elmer","M"
"Elnora","F"
"Elodie","F"
"Eloise","F"
"Elora","F"
"Elsa","F"
"Elsie","F"
"Elspeth","F"
"Elva","F"
"Elvin","M"
"Elvira","F"
"Elvis","M"
"Ely","M"
"Elyse","F"
"Elysia","F"
"Elyssa","F"
"Ema","F"
"Emalee","F"
"Emalyn","F"
"Emani","F"
"Emanuel","M"
"Emanuele","M"
"Ember","F"
"Emelia","F"
"Emely","F"
"Emelyn","F"
"Emerald","F"
"Emeri","F"
"Emerie","F"
"Emerson","A"
"Emersyn","F"
"Emery","A"
"Emi","F"
"Emil","M"
"Emile","A"
"Emilee","F"
"Emilia","F"
"Emiliana","F"
"Emiliano","M"
"Emilie","F"
"Emilio","M"
"Emily","F"
"Emir","M"
"Emma","F"
"Emmalee","F"
"Emmaleigh","F"
"Emmaline","F"
"Emmalyn","F"
"Emmalynn","F"
"Emmanuel","M"
"Emmarie","F"
"Emme","F"
"Emmeline","F"
"Emmerson","F"
"Emmet","M"
"Emmett","M"
"Emmie","F"
"Emmit","M"
"Emmitt","M"
"Emmy","F"
"Emoni","F"
"Emory","A"
"Emry","F"
"Ena","F"
"Ender","M"
"Enoch","M"
"Enrico","M"
"Enrique","M"
"Enzo","M"
"Ephraim","M"
"Eran","M"
"Erasmo","M"
"Erhard","M"
"Eric","M"
"Erica","F"
"Erich","M"
"Erick","M"
"Erik","M"
"Erika","F"
"Erin","F"
"Erma","F"
"Erna","F"
"Ernan","M"
"Ernest","M"
"Ernestine","F"
"Ernesto","M"
"Erno","M"
"Ernst","M"
"Eros","M"
"Ervin","M"
"Erwin","M"
"Eryn","F"
"Eshel","M"
"Esme","F"
"Esmeralda","F"
"Esperanza","F"
"Essence","F"
"Essie","F"
"Esteban","M"
"Estefania","F"
"Estefany","F"
"Estell","F"
"Estella","F"
"Estelle","F"
"Ester","F"
"Estevan","M"
"Esther","F"
"Estrella","F"
"Ethan","M"
"Ethel","F"
"Ethen","M"
"Etienne","M"
"Etta","F"
"Euan","M"
"Eugene","M"
"Eugenia","F"
"Eugenio","M"
"Eula","F"
"Eunice","F"
"Eunkook","M"
"Eva","F"
"Evalyn","F"
"Evalynn","F"
"Evan","M"
"Evangelina","F"
"Evangeline","F"
"Eve","F"
"Eve-Marie","F"
"Evelin","F"
"Evelina","F"
"Evelyn","F"
"Evelyne","F"
"Evelynn","F"
"Ever","A"
"Everett","M"
"Everlee","F"
"Everleigh","F"
"Everley","F"
"Everly","F"
"Eviatar","M"
"Evie","F"
"Evolet","F"
"Ewald","M"
"Ewan","M"
"Ewen","M"
"Eytan","M"
"Ezekiel","M"
"Ezequiel","M"
"Ezra","A"
"Fabian","M"
"Fabienne","F"
"Fabiola","F"
"Faigy","F"
"Faith","F"
"Falk","M"
"Fallon","F"
"Fang","F"
"Fannie","F"
"Fanny","F"
"Farah","F"
"Faris","M"
"Farrah","F"
"Faruk","M"
"Fatima","F"
"Fatimah","F"
"Fay","F"
"Faye","F"
"Federica","F"
"Federico","M"
"Federigo","M"
"Fei","F"
"Felicity","F"
"Felipe","M"
"Felix","M"
"Ferdinand","M"
"Fern","F"
"Fernanda","F"
"Fernando","M"
"Filippo","M"
"Finley","A"
"Finn","M"
"Finnegan","M"
"Finnian","M"
"Finnley","A"
"Fiona","F"
"Fiorella","F"
"Fisher","M"
"Flavia","F"
"Fletcher","M"
"Flora","F"
"Florence","F"
"Florentino","M"
"Florian","M"
"Florine","F"
"Floris","M"
"Flossie","F"
"Floy","F"
"Floyd","M"
"Flynn","M"
"Foo","M"
"Ford","M"
"Forest","M"
"Forrest","M"
"Foster","M"
"Fox","M"
"Frances","A"
"Francesca","F"
"Francesco","M"
"Francis","A"
"Francisco","M"
"Franck","M"
"Franco","M"
"Francois","M"
"Frank","M"
"Frankie","A"
"Franklin","M"
"Frans","M"
"Fransisco","M"
"Franz","M"
"Fred","M"
"Freda","F"
"Freddy","M"
"Frédéric","M"
"Frederick","M"
"Frederik","M"
"Frederique","M"
"Fredrick","M"
"Freeman","M"
"Freya","F"
"Freyja","F"
"Frida","F"
"Frieda","F"
"Friedemann","M"
"Friederike","F"
"Friedrich","M"
"Fritz","M"
"Gabor","M"
"Gabriel","M"
"Gabriela","F"
"Gabriele","F"
"Gabriella","F"
"Gabrielle","F"
"Gael","M"
"Gage","M"
"Gaige","M"
"Gail","F"
"Gal","M"
"Galen","M"
"Galilea","F"
"Gannon","M"
"Gareth","M"
"Garland","M"
"Garrett","M"
"Garrison","M"
"Gary","M"
"Gatlin","M"
"Gauge","M"
"Gavin","M"
"Gavyn","M"
"Geir","M"
"Gemma","F"
"Gene","M"
"Genesis","F"
"Geneva","F"
"Genevieve","F"
"Gentry","A"
"Geoffrey","M"
"Georg","M"
"George","M"
"Georges","M"
"Georgia","F"
"Georgie","F"
"Georgina","F"
"Georgius","M"
"Geovanni","M"
"Geppo","M"
"Geraint","M"
"Gerald","M"
"Geraldine","F"
"Gerard","M"
"Gerardo","M"
"Gerd","M"
"Gereon","M"
"Gergely","M"
"Gerhard","M"
"Germain","M"
"German","M"
"Gerry","M"
"Gertie","F"
"Gertrude","F"
"Gerwin","M"
"Ghazi","M"
"Ghislaine","F"
"Gia","F"
"Giacomo","M"
"Giada","F"
"Gian","M"
"Giana","F"
"Giancarlo","M"
"Giandomenico","M"
"Gianluca","M"
"Gianna","F"
"Gianni","M"
"Giavanna","F"
"Gibson","M"
"Gideon","M"
"Gilbert","M"
"Gilberto","M"
"Gillian","F"
"Gina","F"
"Gino","M"
"Gionni","M"
"Giorgio","M"
"Giovani","M"
"Giovanna","F"
"Giovanni","M"
"Giovanny","M"
"Gisele","F"
"Giselle","F"
"Gisselle","F"
"Giuliana","F"
"Giuliano","M"
"Giulio","M"
"Giuseppe","M"
"Gizelle","F"
"Gladys","F"
"Glen","M"
"Glenn","M"
"Gloria","F"
"Godfrey","M"
"Gogineni","M"
"Goksel","M"
"Goldie","F"
"Gonzalo","M"
"Goran","M"
"Gordon","M"
"Gottfried","M"
"Gottlob","M"
"Goulven","M"
"Grace","F"
"Gracelyn","F"
"Gracelynn","F"
"Gracie","F"
"Graciela","F"
"Gracyn","F"
"Grady","M"
"Graeme","M"
"Graemi","M"
"Graham","M"
"Grant","M"
"Gray","M"
"Graysen","M"
"Grayson","A"
"Grecia","F"
"Greg","M"
"Gregor","M"
"Gregory","M"
"Greta","F"
"Gretchen","F"
"Grete","M"
"Grey","M"
"Greysen","M"
"Greyson","M"
"Griffin","M"
"Grover","M"
"Gry","F"
"Guadalupe","F"
"Gualtiero","M"
"Guang-Can","M"
"Guido","M"
"Guifre","M"
"Guillaume","M"
"Guillermo","M"
"Guinevere","F"
"Gunnar","M"
"Gunner","M"
"Gunter","M"
"Gunther","M"
"Gus","M"
"Gussie","F"
"Gustaf","M"
"Gustav","M"
"Gustavo","M"
"Guy","M"
"Gwen","F"
"Gwendolyn","F"
"Gwenyth","F"
"Gwyneth","F"
"György","M"
"Gyula","M"
"Hadassah","F"
"Haddie","F"
"Hadlee","F"
"Hadleigh","F"
"Hadley","F"
"Hafsa","F"
"Hagen","M"
"Hagop","M"
"Haiden","M"
"Hailee","F"
"Hailey","F"
"Hailiang","M"
"Hailie","F"
"Haim","M"
"Haiyi","M"
"Hajnal","F"
"Hal","M"
"Haleigh","F"
"Haley","F"
"Hallam","M"
"Halle","F"
"Hallie","F"
"Halo","F"
"Hamza","M"
"Hana","F"
"Hank","M"
"Hanna","F"
"Hannah","F"
"Hanne","M"
"Hannes","M"
"Hannu","M"
"Hans","M"
"Hans-Georg","M"
"Hans-Jörg","M"
"Hans-Peter","M"
"Hans-Werner","M"
"Hansel","M"
"Hansgeorg","M"
"Harald","M"
"Harlan","M"
"Harlee","F"
"Harleigh","F"
"Harlem","M"
"Harley","A"
"Harlie","F"
"Harlow","F"
"Harmke","F"
"Harmon","M"
"Harmoni","F"
"Harmonie","F"
"Harmony","F"
"Harold","M"
"Harper","A"
"Harriet","F"
"Harriett","F"
"Harris","M"
"Harrison","M"
"Harry","M"
"Hartley","F"
"Hartry","M"
"Harvey","M"
"Hasan","M"
"Hasok","M"
"Hassan","M"
"Hattie","F"
"Hava","F"
"Havelock","M"
"Haven","A"
"Hayden","A"
"Hayes","M"
"Haylee","F"
"Hayleigh","F"
"Hayley","F"
"Haylie","F"
"Hayne","M"
"Hazel","F"
"Heath","M"
"Heather","F"
"Heaven","F"
"Heavenly","F"
"Hector","M"
"Hedley","M"
"Heidi","F"
"Heidy","F"
"Heike","F"
"Heikki","M"
"Heiner","M"
"Heini","M"
"Heinrich","M"
"Heinz","M"
"Helen","F"
"Helena","F"
"Helene","F"
"Helge","M"
"Hellmut","M"
"Hellmuth","M"
"Helmut","M"
"Hendrik","M"
"Hendrix","M"
"Henk","M"
"Henley","F"
"Henri","M"
"Henrietta","F"
"Henrik","M"
"Henrike","M"
"Henry","M"
"Henryk","M"
"Herbert","M"
"Herman","M"
"Hermann","M"
"Hernan","M"
"Herve","M"
"Hester","F"
"Hettie","F"
"Hezekiah","M"
"Hidetaka","M"
"Hilary","A"
"Hilda","F"
"Hillary","F"
"Hirofumi","M"
"Hiroshi","M"
"Hiroto","M"
"Hisaaki","M"
"Hitomi","F"
"Holden","M"
"Holger","M"
"Holland","F"
"Hollis","A"
"Holly","F"
"Homer","M"
"Honesty","F"
"Hong","M"
"Honor","F"
"Hope","F"
"Horace","M"
"Horacio","M"
"Hortense","F"
"Houston","M"
"Howard","M"
"Hrvoje","M"
"Hubert","M"
"Hudson","A"
"Hugh","M"
"Hughes","M"
"Hugo","M"
"Humberto","M"
"Hunter","A"
"Hussein","M"
"Huw","M"
"Huxley","M"
"Hye-Kyeung","F"
"Hywel","M"
"Iain","M"
"Ian","M"
"Ibo","M"
"Ibrahim","M"
"Ichiro","M"
"Ida","F"
"Ido","M"
"Idris","M"
"Ieva","F"
"Igal","M"
"Ignacio","M"
"Ignatius","M"
"Ignazio","M"
"Igor","M"
"Iker","M"
"Ila","F"
"Ilde","F"
"Ildikó","F"
"Ilia","M"
"Iliana","F"
"Ilkka","M"
"Ilpo","M"
"Ilse","F"
"Ilya","M"
"Iman","F"
"Imani","F"
"Immanuel","M"
"Imogen","F"
"Imran","M"
"Imre","M"
"Ina","F"
"Inara","F"
"Inaya","F"
"Inbal","F"
"Incheol","M"
"India","F"
"Indigo","F"
"Indy","M"
"Ines","F"
"Inez","F"
"Ingo","M"
"Ingrid","F"
"Ingvar","M"
"Inka","F"
"Iola","F"
"Ion-Olimpiu","M"
"Iona","F"
"Ione","F"
"Ira","A"
"Ireland","F"
"Irene","F"
"Irie","F"
"Iris","F"
"Irma","F"
"Irun","M"
"Irvin","M"
"Irving","M"
"Isaac","M"
"Isaak","M"
"Isabel","F"
"Isabela","F"
"Isabell","F"
"Isabella","F"
"Isabelle","F"
"Isadora","F"
"Isai","M"
"Isaiah","M"
"Isaias","M"
"Isha","F"
"Ishaan","M"
"Ishan","M"
"Ishmael","M"
"Isiah","M"
"Isidore","M"
"Isis","F"
"Isla","F"
"Ismael","M"
"Ismail","M"
"Israel","M"
"Issac","M"
"István","M"
"Italia","F"
"Itamar","M"
"Itzayana","F"
"Itzel","F"
"Itzhak","M"
"Iva","F"
"Ivan","M"
"Ivana","F"
"Ivanna","F"
"Ivor","M"
"Ivory","F"
"Ivy","F"
"Iwao","M"
"Iyana","F"
"Iyanna","F"
"Iyla","F"
"Izaac","M"
"Izaak","M"
"Izabel","F"
"Izabella","F"
"Izabelle","F"
"Izaiah","M"
"Izayah","M"
"Izzabella","F"
"J.","A"
"Jaakko","M"
"Jaap","M"
"Jabari","M"
"Jace","M"
"Jacelyn","F"
"Jacen","M"
"Jaceon","M"
"Jacey","F"
"Jaceyon","M"
"Jaci","F"
"Jacie","F"
"Jack","M"
"Jackeline","F"
"Jackie","F"
"Jackson","M"
"Jaclyn","F"
"Jacob","M"
"Jacobi","M"
"Jacoby","M"
"Jacqueline","F"
"Jacquelyn","F"
"Jacques","M"
"Jad","M"
"Jada","F"
"Jade","F"
"Jaden","M"
"Jadiel","M"
"Jadon","M"
"Jadyn","F"
"Jaeden","M"
"Jaegwon","M"
"Jael","A"
"Jaelyn","F"
"Jaelynn","F"
"Jagan","M"
"Jagdish","M"
"Jagger","M"
"Jahmir","M"
"Jai","M"
"Jaiceon","M"
"Jaida","F"
"Jaiden","A"
"Jaidyn","A"
"Jailyn","F"
"Jaime","M"
"Jaina","F"
"Jair","M"
"Jairo","M"
"Jakai","M"
"Jakari","M"
"Jakayla","F"
"Jake","M"
"Jakob","M"
"Jakobe","M"
"Jalayah","F"
"Jaleah","F"
"Jaleel","M"
"Jalen","M"
"Jaliyah","F"
"Jalynn","F"
"Jamal","M"
"Jamar","M"
"Jamarcus","M"
"Jamari","M"
"Jamarion","M"
"Jamel","M"
"James","M"
"Jameson","M"
"Jamie","A"
"Jamil","M"
"Jamir","M"
"Jamison","M"
"Jamiya","F"
"Jamiyah","F"
"Jamya","F"
"Jan","A"
"Jana","F"
"Janae","F"
"Jane","F"
"Janelle","F"
"Janessa","F"
"Janet","F"
"Janiah","F"
"Janice","F"
"Janie","F"
"Janis","M"
"Janiya","F"
"Janiyah","F"
"Jannah","F"
"Janneke","F"
"Janney","F"
"Jannie","F"
"Janos","M"
"Jaquan","M"
"Jaqueline","F"
"Jared","M"
"Jariel","M"
"Jaron","M"
"Jarrett","M"
"Jarrod","M"
"Jarvis","M"
"Jase","M"
"Jasen","M"
"Jasiah","M"
"Jaslene","F"
"Jaslyn","F"
"Jasmin","F"
"Jasmine","F"
"Jason","M"
"Jasper","M"
"Javier","M"
"Javion","M"
"Javon","M"
"Jax","M"
"Jaxen","M"
"Jaxon","M"
"Jaxsen","M"
"Jaxson","M"
"Jaxton","M"
"Jaxx","M"
"Jaxxon","M"
"Jay","M"
"Jaya","F"
"Jayce","M"
"Jaycee","F"
"Jayceon","M"
"Jaycie","F"
"Jaycion","M"
"Jaycob","M"
"Jayda","F"
"Jaydan","M"
"Jayde","F"
"Jayden","A"
"Jaydon","M"
"Jayla","F"
"Jaylah","F"
"Jaylee","F"
"Jayleen","F"
"Jaylen","A"
"Jaylene","F"
"Jaylin","A"
"Jaylon","M"
"Jaylyn","F"
"Jaylynn","F"
"Jayme","M"
"Jayna","F"
"Jayse","M"
"Jaysen","M"
"Jayson","M"
"Jayveon","M"
"Jayvion","M"
"Jazelle","F"
"Jaziel","M"
"Jazlyn","F"
"Jazlynn","F"
"Jazmin","F"
"Jazmine","F"
"Jazmyn","F"
"Jazzlyn","F"
"Jean","A"
"Jean-Baptiiste","M"
"Jean-Baptiste","M"
"Jean-Charles","M"
"Jean-Francois","M"
"Jean-Jacques","M"
"Jean-Louis","M"
"Jean-Luc","M"
"Jean-Martin","M"
"Jean-Michel","M"
"Jean-Paul","M"
"Jean-PIerre","M"
"Jean-Victor","M"
"Jean-Yves","M"
"Jeanette","F"
"Jeanine","F"
"Jeanne","F"
"Jeannette","F"
"Jedidiah","M"
"Jeff","M"
"Jefferson","M"
"Jeffery","M"
"Jeffrey","M"
"Jeffry","M"
"Jelle","M"
"Jemma","F"
"Jenann","F"
"Jencarlos","M"
"Jenefer","F"
"Jenesis","F"
"Jenna","F"
"Jennie","F"
"Jennifer","F"
"Jenny","F"
"Jens","M"
"Jensen","M"
"Jenson","M"
"Jeramiah","M"
"Jeremiah","M"
"Jeremias","M"
"Jeremy","M"
"Jericho","M"
"Jerimiah","M"
"Jermaine","M"
"Jeroen","M"
"Jerome","M"
"Jerrold","M"
"Jerry","M"
"Jersey","F"
"Jesiah","M"
"Jess","M"
"Jessa","F"
"Jesse","M"
"Jessiah","M"
"Jessica","F"
"Jessie","A"
"Jesus","M"
"Jet","M"
"Jethro","M"
"Jett","M"
"Jewel","F"
"Jewell","F"
"Jian","M"
"Jian-Min","M"
"Jian-wei","M"
"Jianna","F"
"Jie","M"
"Jill","A"
"Jillian","F"
"Jim","M"
"Jimena","F"
"Jimmie","A"
"Jimmy","M"
"Jing-Zhong","M"
"Jinxin","F"
"Jionni","M"
"Jiovanni","M"
"Jiselle","F"
"Joachim","M"
"Joan","A"
"Joanna","F"
"Joanne","F"
"João","M"
"Joaquim","M"
"Joaquin","M"
"Jocelyn","F"
"Jocelynn","F"
"Jochen","M"
"Jodie","F"
"Jody","F"
"Joe","M"
"Joel","M"
"Joelle","F"
"Joey","A"
"Johan","M"
"Johana","F"
"Johann","M"
"Johanna","F"
"Johannes","A"
"John","A"
"Johnathan","M"
"Johnathon","M"
"Johnie","M"
"Johnnie","A"
"Johnny","M"
"Johnpaul","M"
"Jolene","F"
"Jolie","F"
"Jon","M"
"Jonah","M"
"Jonas","M"
"Jonathan","M"
"Jonathon","M"
"Jones","M"
"Jons","M"
"Jordan","A"
"Jorden","M"
"Jordi","M"
"Jordin","F"
"Jordon","M"
"Jordy","M"
"Jordyn","A"
"Jordynn","F"
"Jorge","M"
"Jorgen","M"
"Jorma","M"
"Jos","M"
"Jose","M"
"Josef","M"
"Josefa","F"
"Joselin","F"
"Joselyn","F"
"Joseph","M"
"Josephine","F"
"Josh","M"
"Joshua","M"
"Josiah","M"
"Josiane","F"
"Josias","M"
"Josie","F"
"Joslyn","F"
"Joslynn","F"
"Josselyn","F"
"Josslyn","F"
"Josue","M"
"Journee","F"
"Journei","F"
"Journey","F"
"Journi","F"
"Journie","F"
"Jovan","M"
"Jovani","M"
"Jovanni","M"
"Jovie","F"
"Joy","F"
"Joyce","F"
"Jozef","M"
"Joziah","M"
"Juan","M"
"Juana","F"
"Juanita","F"
"Jubilee","F"
"Judah","M"
"Jude","A"
"Judea","M"
"Judit","F"
"Judith","F"
"Judson","M"
"Judy","F"
"Juelz","M"
"Juergen","M"
"Julanne","F"
"Jules","A"
"Julia","F"
"Julian","M"
"Juliana","F"
"Juliane","F"
"Julianna","F"
"Julianne","F"
"Julie","F"
"Julien","M"
"Juliet","F"
"Julieta","F"
"Juliette","F"
"Julio","M"
"Julissa","F"
"Julius","M"
"Jum","M"
"June","F"
"Junior","M"
"Juniper","F"
"Jürgen","M"
"Juris","M"
"Jurnee","F"
"Justice","A"
"Justin","M"
"Justine","F"
"Justus","M"
"Justyce","F"
"Kabir","M"
"Kace","M"
"Kacey","F"
"Kaci","F"
"Kacie","F"
"Kade","M"
"Kaden","M"
"Kadence","F"
"Kadyn","M"
"Kaeden","M"
"Kael","M"
"Kaelyn","F"
"Kaelynn","F"
"Kai","A"
"Kaia","F"
"Kaiden","M"
"Kaidence","F"
"Kaidyn","M"
"Kaila","F"
"Kailani","F"
"Kailee","F"
"Kailey","F"
"Kailyn","F"
"Kailynn","F"
"Kain","M"
"Kaine","M"
"Kaiping","M"
"Kairi","F"
"Kaison","M"
"Kaitlin","F"
"Kaitlyn","F"
"Kaitlynn","F"
"Kaiya","F"
"Kalani","F"
"Kale","M"
"Kalea","F"
"Kaleah","F"
"Kaleb","M"
"Kaleigh","F"
"Kalel","M"
"Kaley","F"
"Kali","F"
"Kalia","F"
"Kalina","F"
"Kaliyah","F"
"Kallen","M"
"Kalli","F"
"Kallie","F"
"Kalvin","M"
"Kamari","A"
"Kamarion","M"
"Kambree","F"
"Kamden","M"
"Kamdyn","A"
"Kameron","M"
"Kami","M"
"Kamila","F"
"Kamilah","F"
"Kamilla","F"
"Kamille","F"
"Kamiya","F"
"Kamiyah","F"
"Kamora","F"
"Kamren","M"
"Kamron","M"
"Kamryn","A"
"Kamya","F"
"Kane","M"
"Kannon","M"
"Kaoru","F"
"Kara","F"
"Kareem","M"
"Karel","M"
"Karen","F"
"Kari","F"
"Karim","M"
"Karin","F"
"Karina","F"
"Karis","F"
"Karissa","F"
"Karl","M"
"Karl-Dieter","M"
"Karla","F"
"Karlee","F"
"Karleigh","F"
"Karley","F"
"Karli","F"
"Karlie","F"
"Karly","F"
"Karma","F"
"Karmen","F"
"Karmyn","F"
"Karola","F"
"Karolina","F"
"Karoline","F"
"Karsen","M"
"Karson","M"
"Karsten","M"
"Karsyn","A"
"Karter","A"
"Kase","M"
"Kasen","M"
"Kasey","A"
"Kash","M"
"Kashton","M"
"Kason","M"
"Kasper","M"
"Kassandra","F"
"Kassidy","F"
"Kataleya","F"
"Katalin","F"
"Katalina","F"
"Katarina","F"
"Kate","F"
"Katelyn","F"
"Katelynn","F"
"Katerina","F"
"Katharine","F"
"Katherine","F"
"Kathie","F"
"Kathleen","F"
"Kathryn","F"
"Kathy","F"
"Katia","F"
"Katie","F"
"Katinka","F"
"Katja","F"
"Katrina","F"
"Katy","F"
"Katya","F"
"Kaushik","M"
"Kavya","F"
"Kay","F"
"Kaya","F"
"Kaycee","F"
"Kayden","A"
"Kaydence","F"
"Kaye","F"
"Kayla","F"
"Kaylah","F"
"Kaylani","F"
"Kayleb","M"
"Kaylee","F"
"Kayleen","F"
"Kayleigh","F"
"Kaylen","F"
"Kayley","F"
"Kayli","F"
"Kaylie","F"
"Kaylin","F"
"Kaylyn","F"
"Kaylynn","F"
"Kaysen","M"
"Kayson","M"
"Keagan","M"
"Keanu","M"
"Keaton","M"
"Kechen","M"
"Keegan","A"
"Keelan","M"
"Keeley","F"
"Keely","F"
"Keenan","M"
"Keiji","M"
"Keila","F"
"Keilani","F"
"Keily","F"
"Keira","F"
"Keith","M"
"Kelis","F"
"Kellan","M"
"Kellen","M"
"Keller","M"
"Kellin","M"
"Kelly","A"
"Kelsey","F"
"Kelsi","F"
"Kelsie","F"
"Kelton","M"
"Kelvin","M"
"Ken","M"
"Kenadee","F"
"Kenan","M"
"Kendal","F"
"Kendall","A"
"Kendra","F"
"Kendrick","M"
"Kendyl","F"
"Kenia","F"
"Kenlee","F"
"Kenleigh","F"
"Kenley","F"
"Kenna","F"
"Kennedi","F"
"Kennedy","A"
"Kenneth","M"
"Kenny","M"
"Kensei","M"
"Kensington","F"
"Kensley","F"
"Kent","M"
"Kenton","M"
"Kenya","F"
"Kenyon","M"
"Kenzi","F"
"Kenzie","F"
"Kenzlee","F"
"Kenzley","F"
"Keon","M"
"Keren","F"
"Kermit","M"
"Kerrie","F"
"Kerrigan","F"
"Kevin","M"
"Keyla","F"
"Keyon","M"
"Keziah","F"
"Khadija","F"
"Khadijah","F"
"Khai","M"
"Khaleesi","F"
"Khalia","F"
"Khalid","M"
"Khalil","M"
"Khloe","F"
"Khloee","F"
"Kian","M"
"Kiana","F"
"Kianna","F"
"Kiara","F"
"Kiera","F"
"Kieran","M"
"Kierra","F"
"Kiersten","F"
"Kiley","F"
"Killian","M"
"Kim","A"
"Kimber","F"
"Kimberly","F"
"Kimora","F"
"King","M"
"Kingsley","M"
"Kingston","M"
"Kinlee","F"
"Kinleigh","F"
"Kinley","F"
"Kinsey","F"
"Kinslee","F"
"Kinsleigh","F"
"Kinsley","F"
"Kinzley","F"
"Kip","M"
"Kipling","M"
"Kira","F"
"Kirill","M"
"Kirk","M"
"Kirsten","F"
"Kit","M"
"Kiya","F"
"Kiyan","M"
"Klaas","M"
"Klara","F"
"Klaus","M"
"Kloe","F"
"Knight","M"
"Knox","M"
"Koa","M"
"Kobe","M"
"Koda","M"
"Kody","M"
"Koen","M"
"Kohen","M"
"Koichi","M"
"Kolby","M"
"Kole","M"
"Koleen","F"
"Kolt","M"
"Kolten","M"
"Kolton","M"
"Konner","M"
"Konnor","M"
"Konrad","M"
"Konstantin","M"
"Konstantine","M"
"Kooper","M"
"Kora","F"
"Korben","M"
"Korbin","M"
"Korbyn","M"
"Kori","F"
"Korie","F"
"Kostas","M"
"Kostia","M"
"Kotaro","M"
"Kourtney","F"
"Kousuke","M"
"Kris","M"
"Krish","M"
"Krista","F"
"Kristen","F"
"Kristian","M"
"Kristin","F"
"Kristina","F"
"Kristine","F"
"Kristopher","M"
"Krunoslav","M"
"Kruz","M"
"Krystal","F"
"Kunihiko","M"
"Kurt","M"
"Kya","F"
"Kyah","F"
"Kyan","M"
"Kyden","M"
"Kye","M"
"Kyla","F"
"Kylah","F"
"Kylan","M"
"Kylar","M"
"Kyle","M"
"Kylee","F"
"Kyleigh","F"
"Kylen","M"
"Kyler","M"
"Kylie","F"
"Kymani","M"
"Kyndal","F"
"Kyndall","F"
"Kynlee","F"
"Kynleigh","F"
"Kynslee","F"
"Kynzlee","F"
"Kyra","F"
"Kyran","M"
"Kyree","M"
"Kyren","M"
"Kyrie","A"
"Kyrin","M"
"Kyron","M"
"Kyson","M"
"Lacey","F"
"Lachlan","M"
"Laci","F"
"Lacie","F"
"Lacy","F"
"Ladan","F"
"Laila","F"
"Lailah","F"
"Laina","F"
"Lainey","F"
"Laith","M"
"Laiyah","F"
"Laken","F"
"Lakshminarayanan","M"
"Lakyn","F"
"Lamar","M"
"Lamberto","M"
"Lamont","M"
"Lampros","M"
"Lana","F"
"Lance","M"
"Lancelot","M"
"Landen","M"
"Landin","M"
"Landon","M"
"Landry","A"
"Landyn","M"
"Lane","M"
"Laney","F"
"Langdon","M"
"Langston","M"
"Lanie","F"
"Laniya","F"
"Laniyah","F"
"Lara","F"
"Larissa","F"
"Larry","M"
"Lars","M"
"Larus","M"
"László","M"
"Lathan","M"
"Laura","F"
"Laurel","F"
"Lauren","F"
"Laurence","M"
"Laurene","F"
"Laurent","M"
"Laurie","F"
"Lauryn","F"
"Laverne","F"
"Lawrence","M"
"Lawson","M"
"Layan","F"
"Layla","F"
"Laylah","F"
"Laylani","F"
"Layna","F"
"Layne","M"
"Layton","M"
"Lazarus","M"
"Lea","F"
"Leah","F"
"Leandro","M"
"Leann","F"
"Leanna","F"
"Leanne","F"
"Leda","F"
"Ledger","M"
"Lee","A"
"Leela","F"
"Leeland","M"
"Leena","F"
"Legacy","F"
"Legend","M"
"Leia","F"
"Leif","M"
"Leigh","M"
"Leigha","F"
"Leighton","A"
"Leila","F"
"Leilah","F"
"Leilani","F"
"Leilany","F"
"Lela","F"
"Leland","M"
"Lelia","F"
"Lena","F"
"Lennart","M"
"Lennon","A"
"Lennox","A"
"Lenny","M"
"Lenora","F"
"Lenore","F"
"Leo","M"
"Leola","F"
"Leon","M"
"Leona","F"
"Leonard","M"
"Leonardo","M"
"Leonel","M"
"Leonid","M"
"Leonidas","M"
"Leonie","F"
"Leopold","M"
"Leora","F"
"Leota","F"
"Lera","F"
"Leroy","M"
"Lesley","F"
"Leslie","A"
"Lesly","F"
"Lessie","F"
"Lester","M"
"Letha","F"
"Leticia","F"
"Letitia","F"
"Lettie","F"
"Lev","M"
"Levi","M"
"Levon","M"
"Lewis","M"
"Lex","M"
"Lexi","F"
"Lexie","F"
"Leyla","F"
"Leyton","M"
"Lia","F"
"Liam","M"
"Lian","M"
"Liana","F"
"Liang","M"
"Lianna","F"
"Libby","F"
"Liberty","F"
"Lidia","F"
"Lieselotte","F"
"Lila","F"
"Lilah","F"
"Lilia","F"
"Lilian","F"
"Liliana","F"
"Lilianna","F"
"Lilith","F"
"Lillian","F"
"Lilliana","F"
"Lillianna","F"
"Lillie","F"
"Lillith","F"
"Lilly","F"
"Lillyan","F"
"Lillyana","F"
"Lillyann","F"
"Lillyanna","F"
"Lily","F"
"Lily-Marlene","F"
"Lilyan","F"
"Lilyana","F"
"Lilyann","F"
"Lilyanna","F"
"Lina","F"
"Lincoln","A"
"Linda","F"
"Lindley","F"
"Lindsay","F"
"Lindsey","F"
"Lingling","F"
"Linnda","F"
"Linnea","F"
"Linus","M"
"Lionel","M"
"Lior","M"
"Lisa","F"
"Lise","F"
"Litzy","F"
"Liv","F"
"Livia","F"
"Liza","F"
"Lizabeth","F"
"Lizbeth","F"
"Lizeth","F"
"Lizzie","F"
"Lloyd","M"
"Lochlainn","M"
"Lochlan","M"
"Logan","A"
"Lois","F"
"Loki","M"
"Lola","F"
"Lon","F"
"Lona","F"
"London","A"
"Londyn","F"
"Londynn","F"
"Lonnie","M"
"Lora","F"
"Loraine","F"
"Lorelai","F"
"Lorelei","F"
"Loren","M"
"Lorena","F"
"Lorene","F"
"Lorenzo","M"
"Loretta","F"
"Lori","F"
"Lorna","F"
"Lorne","M"
"Lorraine","A"
"Lothar","M"
"Lottie","F"
"Lou","F"
"Louella","F"
"Louie","M"
"Louis","M"
"Louis-Andre","M"
"Louis-Ferdinand","M"
"Louisa","F"
"Louise","F"
"Lov","M"
"Love","F"
"Lu","M"
"Luc","M"
"Luca","M"
"Lucas","M"
"Lucca","M"
"Lucero","F"
"Lucia","F"
"Lucian","M"
"Luciana","F"
"Luciano","M"
"Lucie","F"
"Lucien","M"
"Lucile","F"
"Lucilla","F"
"Lucille","F"
"Lucinda","F"
"Lucius","M"
"Lucy","F"
"Ludwig","M"
"Ludwik","M"
"Luella","F"
"Luigi","M"
"Luis","M"
"Luisa","F"
"Luiz","M"
"Luka","M"
"Lukas","M"
"Luke","M"
"Lula","F"
"Lulu","F"
"Luna","F"
"Lupita","F"
"Luther","M"
"Lux","F"
"Luz","F"
"Lydia","F"
"Lyla","F"
"Lylah","F"
"Lyle","M"
"Lyn","F"
"Lyndon","M"
"Lynn","F"
"Lynne","F"
"Lyra","F"
"Lyric","A"
"M.","M"
"Maarten","M"
"Maartje","F"
"Mabel","F"
"Mable","F"
"Mac","M"
"Macey","F"
"Maci","F"
"Macie","F"
"Mack","M"
"Mackenzie","F"
"Macy","F"
"Madalyn","F"
"Madalynn","F"
"Madden","M"
"Maddex","M"
"Maddie","F"
"Maddison","F"
"Maddix","M"
"Maddox","M"
"Maddux","M"
"Madeleine","F"
"Madeline","F"
"Madelyn","F"
"Madelynn","F"
"Madge","F"
"Madilyn","F"
"Madilynn","F"
"Madison","F"
"Madisyn","F"
"Madyson","F"
"Mae","F"
"Maelynn","F"
"Maeve","F"
"Magdalena","F"
"Magdalene","F"
"Maggie","F"
"Magnolia","F"
"Magnus","M"
"Mai","F"
"Maia","F"
"Maike","F"
"Maisie","F"
"Maison","M"
"Maisy","F"
"Maite","F"
"Maiya","F"
"Major","M"
"Makai","M"
"Makayla","F"
"Makaylah","F"
"Makena","F"
"Makenna","F"
"Makenzi","F"
"Makenzie","F"
"Makhi","M"
"Makinley","F"
"Makiyah","F"
"Maksim","M"
"Malachi","M"
"Malak","F"
"Malakai","M"
"Malakhi","M"
"Malaki","M"
"Malani","F"
"Malaya","F"
"Malayah","F"
"Malaysia","F"
"Malcolm","M"
"Maleah","F"
"Malena","F"
"Malia","F"
"Maliah","F"
"Malik","M"
"Malina","F"
"Maliya","F"
"Maliyah","F"
"Malka","F"
"Mallory","F"
"Mamie","F"
"Mandy","F"
"Manfred","M"
"Manikandan","M"
"Manos","M"
"Manuel","M"
"Mara","F"
"Marc","M"
"Marcel","M"
"Marcela","F"
"Marceline","F"
"Marcella","F"
"Marcello","M"
"Marcellus","M"
"Marcelo","M"
"Marcin","M"
"Marco","M"
"Marcos","M"
"Marcus","M"
"Marcy","F"
"Marek","M"
"Maren","F"
"Margaret","F"
"Margarida","F"
"Margarita","F"
"Margie","F"
"Margo","F"
"Margot","F"
"Marguerite","F"
"Maria","A"
"Mariah","F"
"Mariajose","F"
"Mariam","F"
"Marian","A"
"Mariana","F"
"Marianna","F"
"Marianne","F"
"Mariano","M"
"Maribel","F"
"Marie","F"
"Marie-Paule","F"
"Marie-Pierre","F"
"Mariela","F"
"Mariella","F"
"Marilyn","F"
"Marin","F"
"Marina","F"
"Marine","F"
"Mario","M"
"Marion","A"
"Marisa","F"
"Marisol","F"
"Marissa","F"
"Maritza","F"
"Marius","M"
"Mariya","F"
"Mariyah","F"
"Marjolein","F"
"Marjorie","F"
"Mark","M"
"Markell","M"
"Markku","M"
"Markus","M"
"Marlee","F"
"Marleigh","F"
"Marlene","F"
"Marley","A"
"Marli","F"
"Marlie","F"
"Marlon","M"
"Marlowe","F"
"Marque-Luisa","F"
"Marquis","M"
"Marquise","M"
"Marshall","M"
"Marta","F"
"Martha","F"
"Martie","F"
"Martijn","M"
"Martin","M"
"Martina","F"
"Martine","F"
"Marvin","M"
"Mary","F"
"Maryam","F"
"Maryann","F"
"Maryanne","F"
"Maryjane","F"
"Marzia","F"
"Marzio","M"
"Masako","F"
"Masataka","M"
"Masen","M"
"Mason","M"
"Massimo","M"
"Mateo","M"
"Mathew","M"
"Mathias","M"
"Mathieu","M"
"Matias","M"
"Matilda","F"
"Matt","M"
"Matteo","M"
"Matthew","M"
"Matthias","M"
"Mattie","F"
"Maud","F"
"Maude","F"
"Maudie","F"
"Maura","F"
"Maureen","F"
"Maurice","A"
"Mauricio","M"
"Maurine","F"
"Maurizio","M"
"Mauro","M"
"Maverick","M"
"Mavis","F"
"Max","M"
"Maxim","M"
"Maximilian","M"
"Maximiliano","M"
"Maximillian","M"
"Maximo","M"
"Maximus","M"
"Maxine","F"
"Maxon","M"
"Maxton","M"
"Maxwell","M"
"Maxx","M"
"May","F"
"Maya","F"
"Mayah","F"
"Maybelle","F"
"Maycee","F"
"Maylee","F"
"Maylin","F"
"Mayme","F"
"Mayra","F"
"Mayson","M"
"Mayte","F"
"Mazie","F"
"Mazyar","M"
"Mccoy","M"
"Mckayla","F"
"Mckenna","F"
"Mckenzie","F"
"Mckinlee","F"
"Mckinley","F"
"Meadow","F"
"Meera","F"
"Meg","F"
"Megan","F"
"Meghan","F"
"Mehmet","M"
"Meinard","M"
"Meir","M"
"Mekhi","M"
"Melani","F"
"Melanie","F"
"Melany","F"
"Melba","F"
"Melia","F"
"Melina","F"
"Melinda","A"
"Melissa","F"
"Melody","F"
"Melville","M"
"Melvin","M"
"Melvyn","M"
"Memphis","A"
"Menachem","M"
"Menahem","M"
"Merav","F"
"Mercedes","F"
"Mercy","F"
"Meredith","F"
"Merida","F"
"Merle","F"
"Merrick","M"
"Merrilee","F"
"Messiah","M"
"Mette","F"
"Mia","F"
"Miabella","F"
"Miah","F"
"Micaela","F"
"Micah","A"
"Micaiah","M"
"Michael","M"
"Michaela","F"
"Michalis","M"
"Micheal","M"
"Michel","M"
"Michelangelo","M"
"Michele","F"
"Michelle","F"
"Michiel","M"
"Michio","M"
"Miguel","M"
"Miguelangel","M"
"Mika","F"
"Mikael","M"
"Mikaela","F"
"Mikah","M"
"Mikayla","F"
"Mike","M"
"Mikel","M"
"Mikhail","M"
"Miki","F"
"Miklós","M"
"Mila","F"
"Milagros","F"
"Milah","F"
"Milan","A"
"Milana","F"
"Milani","F"
"Milania","F"
"Mildred","F"
"Milena","F"
"Miles","M"
"Miley","F"
"Millard","M"
"Miller","M"
"Millie","F"
"Milly","F"
"Milo","M"
"Milton","M"
"Mimi","F"
"Mina","F"
"Miner","F"
"Ming","M"
"Minnie","F"
"Mira","F"
"Miracle","F"
"Miranda","F"
"Mirella","F"
"Mireya","F"
"Miriam","F"
"Misael","M"
"Misook","F"
"Mitchell","M"
"Mitsuo","M"
"Mitul","M"
"Miya","F"
"Miyah","F"
"Mkrtych","M"
"Mladen","M"
"Mohamed","M"
"Mohammad","M"
"Mohammed","M"
"Mohan","M"
"Moira","F"
"Moises","M"
"Moisey","M"
"Mollie","F"
"Molly","F"
"Mona","F"
"Monica","F"
"Monroe","A"
"Monserrat","F"
"Montana","F"
"Montgomery","M"
"Montserrat","F"
"Mordechai","M"
"Morgan","A"
"Moriah","F"
"Moritz","M"
"Morris","M"
"Morse","M"
"Morteza","M"
"Morton","M"
"Moses","M"
"Moshe","M"
"Motoo","M"
"Muhammad","M"
"Muhammed","M"
"Murali","M"
"Murat","M"
"Muriel","F"
"Murphy","M"
"Murray","M"
"Musa","M"
"Mustafa","M"
"Mya","F"
"Myah","F"
"Myka","F"
"Myla","F"
"Mylah","F"
"Mylee","F"
"Myles","M"
"Myra","F"
"Myron","M"
"Myrtle","F"
"N/A","N"
"Naama","F"
"Nadia","F"
"Nadine","F"
"Nahla","F"
"Nahomi","F"
"Nailah","F"
"Naima","F"
"Nala","F"
"Nalani","F"
"Nam","M"
"Nancey","F"
"Nancy","F"
"Nandor","M"
"Nannie","F"
"Naoki","M"
"Naomi","F"
"Naotake","M"
"Naotsugu","M"
"Napoleon","M"
"Nariah","F"
"Nash","M"
"Nasir","M"
"Natalee","F"
"Natalia","F"
"Natalie","F"
"Nataly","F"
"Natalya","F"
"Natasha","F"
"Natasza","F"
"Nate","M"
"Nathalia","F"
"Nathalie","F"
"Nathaly","F"
"Nathan","M"
"Nathanael","M"
"Nathaniel","M"
"Navya","F"
"Naya","F"
"Nayeli","F"
"Nayla","F"
"Nazir","M"
"Neal","M"
"Nechama","F"
"Ned","M"
"Nehemiah","M"
"Neil","M"
"Neill","M"
"Nélida","F"
"Nell","F"
"Nellie","F"
"Nelly","F"
"Nelson","M"
"Neriah","F"
"Nestor","M"
"Nettie","F"
"Neva","F"
"Nevaeh","F"
"Nevan","M"
"Neveah","F"
"Nevill","M"
"Newton","M"
"Neymar","M"
"Nia","F"
"Niall","M"
"Niam","M"
"Nicholas","M"
"Nichole","F"
"Nick","M"
"Nickolas","M"
"Nico","M"
"Nicola","A"
"Nicolaas","M"
"Nicolas","M"
"Nicolaus","M"
"Nicole","F"
"Nicoletta","F"
"Nicolette","F"
"Niels","M"
"Nigel","M"
"Nikhil","M"
"Nikki","F"
"Nikko","M"
"Niko","M"
"Nikola","M"
"Nikolaas","M"
"Nikolai","M"
"Nikolas","M"
"Nikolaus","M"
"Nikolay","M"
"Nikos","M"
"Nila","F"
"Nilanjana","M"
"Niles","M"
"Nilli","F"
"Nilofar","F"
"Nils","M"
"Nina","F"
"Nino","M"
"Nipam","M"
"Nivedita","F"
"Nixon","M"
"Niya","F"
"Niyah","F"
"Noa","F"
"Noah","A"
"Noam","M"
"Noble","M"
"Nobuhiko","M"
"Noe","M"
"Noel","A"
"Noelia","F"
"Noelle","F"
"Noemi","F"
"Nola","F"
"Nolan","M"
"Nona","F"
"Noor","F"
"Nora","F"
"Norah","F"
"Norbert","M"
"Nori","F"
"Norihiro","M"
"Noriyuki","M"
"Norma","F"
"Norman","M"
"Norriss","M"
"Norwood","M"
"Nova","A"
"Novalee","F"
"Nuel","M"
"Nuria","F"
"Nya","F"
"Nyah","F"
"Nyla","F"
"Nylah","F"
"Nyomi","F"
"Oaklee","F"
"Oakley","A"
"Octavio","M"
"Oded","M"
"Odessa","F"
"Odin","M"
"Odmar","M"
"Ofer","M"
"Ohad","M"
"Ola","A"
"Olaf","M"
"Ole","M"
"Oleksa","M"
"Olga","F"
"Olimpia","F"
"Olive","F"
"Oliver","M"
"Olivia","F"
"Olivier","M"
"Olivo","M"
"Ollie","A"
"Oma","F"
"Omar","M"
"Omari","M"
"Omri","M"
"Opal","F"
"Ophelia","F"
"Ora","F"
"Oriano","M"
"Orion","M"
"Orkun","M"
"Orlando","M"
"Orly","M"
"Oron","M"
"Orsola","F"
"Orsolya","F"
"Orville","M"
"Oscar","M"
"Oskar","M"
"Osvaldo","M"
"Otis","M"
"Ottavio","M"
"Otto","M"
"Ove","M"
"Owain","M"
"Owen","M"
"Owsei","M"
"Pablo","M"
"Paige","F"
"Paislee","F"
"Paisleigh","F"
"Paisley","A"
"Paityn","F"
"Paizley","F"
"Palmer","A"
"Paloma","F"
"Pamela","F"
"Panagiotis","M"
"Pankaj","M"
"Pansy","F"
"Paola","F"
"Paolo","M"
"Paramesh","M"
"Parampreet","M"
"Paris","F"
"Parker","A"
"Pascal","M"
"Pascual","M"
"Pat","M"
"Patience","F"
"Patrice","A"
"Patricia","F"
"Patrick","M"
"Patrik","M"
"Paul","M"
"Paula","F"
"Paulina","F"
"Pauline","F"
"Pavel","M"
"Pawel","M"
"Paxton","M"
"Payten","F"
"Payton","A"
"Pearl","F"
"Pearlie","F"
"Pedro","M"
"Peggy","F"
"Peighton","F"
"Pekka","M"
"Penelope","F"
"Penny","F"
"Pepper","F"
"Per","M"
"Percy","M"
"Perla","F"
"Perrine","F"
"Perry","M"
"Persephone","F"
"Pete","M"
"Peter","M"
"Petra","F"
"Petri","M"
"Petter","M"
"Peyton","A"
"Phil","M"
"Philip","M"
"Philipp","M"
"Philippa","F"
"Philippe","M"
"Phillip","M"
"Phineas","M"
"Phoebe","F"
"Phoenix","A"
"Phyllis","F"
"Pier","M"
"Pierce","M"
"Piero","M"
"Pierre","M"
"Pierre-Luc","M"
"Pierre-Simon","M"
"Pierrick","M"
"Pierson","M"
"Pieter","M"
"Pietro","M"
"Pilar","M"
"Ping","F"
"Piotr","M"
"Piper","F"
"Pippa","F"
"Pnina Geraldine","F"
"Poe","M"
"Polly","F"
"Poppy","F"
"Porter","M"
"Pranav","M"
"Prasanta","M"
"Prasanta K.","M"
"Precious","F"
"Predrag","M"
"Preslee","F"
"Presleigh","F"
"Presley","A"
"Preslie","F"
"Preston","M"
"Prince","M"
"Princess","F"
"Princeton","M"
"Priscilla","F"
"Prisha","F"
"Priya","F"
"Promise","F"
"Pyper","F"
"Qing","F"
"Qinifred","M"
"Quassim","M"
"Queen","F"
"Quentin","M"
"Quincy","A"
"Quinn","A"
"Quinten","M"
"Quintin","M"
"Quinton","M"
"Rachael","F"
"Rachel","F"
"Rae","F"
"Raegan","F"
"Raeleigh","F"
"Raelyn","F"
"Raelynn","F"
"Rafael","M"
"Raffaele","M"
"Raffaella","F"
"Raheem","M"
"Raiden","M"
"Rain","F"
"Raina","F"
"Rainer","M"
"Raizy","F"
"Rajeev","M"
"Rajesh","M"
"Raleigh","A"
"Ralf","M"
"Ralph","M"
"Ramiro","M"
"Ramon","M"
"Ramona","F"
"Ramray","M"
"Ramya","F"
"Randall","M"
"Randi","F"
"Randy","M"
"Rania","F"
"Raniyah","F"
"Raoul","M"
"Raphael","M"
"Raquel","F"
"Rashad","M"
"Rasmus","M"
"Raul","M"
"Raven","F"
"Ray","M"
"Raya","F"
"Rayan","M"
"Rayden","M"
"Raylan","M"
"Raylee","F"
"Rayleigh","F"
"Raylen","M"
"Raylynn","F"
"Raymond","M"
"Rayna","F"
"Rayne","F"
"Rayyan","M"
"Reagan","A"
"Reba","F"
"Rebeca","F"
"Rebecca","F"
"Rebekah","F"
"Rechele","F"
"Reece","A"
"Reed","M"
"Reem","F"
"Reese","A"
"Rega","F"
"Regan","F"
"Regina","F"
"Reginald","M"
"Reid","M"
"Reign","F"
"Reilly","M"
"Reina","F"
"Reinhard","M"
"Rema","F"
"Remi","F"
"Remington","A"
"Remy","A"
"Remzi","M"
"Rena","F"
"Renata","F"
"Renate","F"
"Rene","M"
"Renee","F"
"Renesmee","F"
"Reuben","M"
"Rex","M"
"Rey","M"
"Reyansh","M"
"Reyna","F"
"Reynaldo","M"
"Rhea","F"
"Rhett","M"
"Rhiannon","F"
"Rhoda","F"
"Rhyan","F"
"Rhys","M"
"Rian","M"
"Ricard","M"
"Ricardo","M"
"Richard","M"
"Richardo","M"
"Richmond","M"
"Rickey","M"
"Ricky","M"
"Rico","M"
"Rida","F"
"Ridge","M"
"Rigoberto","M"
"Rihanna","F"
"Rilee","F"
"Rileigh","F"
"Riley","A"
"Rilynn","F"
"Rio","M"
"Rishi","M"
"Rita","F"
"River","A"
"Rivka","F"
"Riya","F"
"Roald","M"
"Roar","M"
"Rob","M"
"Robert","M"
"Roberta","F"
"Roberto","M"
"Robin","A"
"Robyn","F"
"Rocco","M"
"Rochel","F"
"Rocky","M"
"Roderich","M"
"Roderick","M"
"Rodney","M"
"Rodolfo","M"
"Rodrigo","M"
"Rogelio","M"
"Roger","M"
"Rohan","M"
"Roland","M"
"Rolando","M"
"Rolf","M"
"Rom","M"
"Romain","M"
"Roman","M"
"Rome","M"
"Romeo","M"
"Romina","F"
"Ron","M"
"Ronald","M"
"Ronaldo","M"
"Ronan","M"
"Ronin","M"
"Ronit","F"
"Ronnie","M"
"Roosevelt","M"
"Rory","A"
"Rosa","F"
"Rosalee","F"
"Rosalia","F"
"Rosalie","F"
"Rosalind","F"
"Rosalinda","F"
"Rosalyn","F"
"Rosalynn","F"
"Rosario","M"
"Roscoe","M"
"Rose","F"
"Rosella","F"
"Roselyn","F"
"Roselynn","F"
"Rosemarie","F"
"Rosemary","F"
"Rosetta","F"
"Rosie","F"
"Roslyn","F"
"Ross","M"
"Rowan","A"
"Rowdy","M"
"Rowen","A"
"Rowland","M"
"Roxana","F"
"Roxanna","F"
"Roxanne","F"
"Roxie","F"
"Roy","M"
"Royal","A"
"Royce","M"
"Ruben","M"
"Rubi","F"
"Ruby","F"
"Rudolf","M"
"Rudolph","M"
"Rudy","M"
"Ruediger","M"
"Rufus","M"
"Ruger","M"
"Russell","M"
"Ruth","F"
"Ruthie","F"
"Ryan","A"
"Ryann","F"
"Ryder","A"
"Ryker","M"
"Rylan","A"
"Ryland","M"
"Rylee","A"
"Ryleigh","F"
"Rylen","M"
"Ryley","M"
"Rylie","F"
"Rylin","F"
"Rylynn","F"
"Saanvi","F"
"Sabina","F"
"Sabine","F"
"Sabrina","F"
"Sacha","M"
"Sadi","M"
"Sadie","F"
"Sage","A"
"Sahana","F"
"Sahara","F"
"Sahotra","M"
"Said","M"
"Saige","F"
"Sailor","F"
"Salem","A"
"Sallie","F"
"Sally","F"
"Salma","F"
"Salman","M"
"Salome","F"
"Salvador","M"
"Salvatore","M"
"Sam","M"
"Samantha","F"
"Samara","F"
"Samaya","F"
"Sami","M"
"Samir","M"
"Samira","F"
"Samiya","F"
"Samiyah","F"
"Sammy","M"
"Samson","M"
"Samuel","M"
"Sana","F"
"Sanaa","F"
"Sanai","F"
"Sanchita","F"
"Sander","M"
"Sandra","F"
"Sandu","M"
"Sandy","F"
"Saniya","F"
"Saniyah","F"
"Sanna","F"
"Santana","A"
"Santiago","M"
"Santino","M"
"Santo","M"
"Santos","M"
"Sanvi","F"
"Saoirse","F"
"Saphira","F"
"Sapphire","F"
"Sara","F"
"Sarah","F"
"Sarah-Jayne","F"
"Sarahi","F"
"Sarai","F"
"Sariah","F"
"Sarina","F"
"Sarit","F"
"Sariyah","F"
"Sarkis","M"
"Sasha","F"
"Satya","M"
"Saul","M"
"Savanah","F"
"Savanna","F"
"Savannah","F"
"Savion","M"
"Sawyer","A"
"Saylor","F"
"Scarlet","F"
"Scarlett","F"
"Scarlette","F"
"Scott","M"
"Scout","F"
"Seamus","M"
"Sean","M"
"Sebastian","M"
"Sebastien","M"
"Selah","F"
"Selena","F"
"Selene","F"
"Selim","M"
"Selina","F"
"Selma","F"
"Selmer","M"
"Semaj","M"
"Serafina","F"
"Seraphina","F"
"Serban","M"
"Serena","F"
"Serenity","F"
"Serge","M"
"Serge-Christophe","M"
"Serge?","M"
"Sergio","M"
"Seth","M"
"Severin","M"
"Sewall","M"
"Seyda","F"
"Seymour","M"
"Shai","M"
"Shamik","M"
"Shanaya","F"
"Shane","M"
"Shania","F"
"Shaniya","F"
"Shannon","F"
"Sharon","F"
"Sharron","F"
"Shaul","M"
"Shaun","M"
"Shawn","M"
"Shay","F"
"Shayla","F"
"Shaylee","F"
"Shayna","F"
"Shea","A"
"Sheila","F"
"Shelby","F"
"Sheldon","M"
"Shelley","F"
"Shelly","M"
"Sheng","M"
"Shepherd","M"
"Sherlyn","F"
"Sherman","M"
"Sheryl","F"
"Sheyla","F"
"Shigenori","M"
"Shigeru","M"
"Shiloh","A"
"Shimon","M"
"Shin","M"
"Shinsuke","M"
"Shinya","M"
"Shira","F"
"Shirley","F"
"Shlomo","M"
"Shmuel","M"
"Sho","M"
"Shoshana","F"
"Shreya","F"
"Shriram","M"
"Shu-Ju","F"
"Shuqiao","M"
"Shyann","F"
"Shyanne","F"
"Shyla","F"
"Sian","F"
"Siddharth","M"
"Sidney","A"
"Siegfried","M"
"Siena","F"
"Sienna","F"
"Sierra","F"
"Sigmund","M"
"Sigrid","F"
"Silas","M"
"Silvan","M"
"Silvia","F"
"Silvio","M"
"Simeon","M"
"Simon","M"
"Simone","F"
"Sincere","M"
"Sixia","M"
"Sjoerd","M"
"Sky","A"
"Skye","F"
"Skyla","F"
"Skylah","F"
"Skylar","A"
"Skylee","F"
"Skyler","A"
"Skylynn","F"
"Slade","M"
"Sloan","F"
"Sloane","F"
"Smaranda","F"
"Smith","M"
"Snait","F"
"Sofia","F"
"Sofie","F"
"Soleil","F"
"Soloman","M"
"Solomon","M"
"Sonia","F"
"Sonja","F"
"Sonny","M"
"Sonya","F"
"Sophia","F"
"Sophie","F"
"Soraya","F"
"Soren","M"
"Sotaro","M"
"Spencer","A"
"Spike","M"
"Stacey","F"
"Stacy","F"
"Stanislas","M"
"Stanley","M"
"Star","F"
"Stathis","S"
"Stefan","M"
"Steffan","M"
"Stein","M"
"Stella","F"
"Stephan","M"
"Stéphane","M"
"Stephanie","F"
"Stephany","F"
"Stephen","A"
"Sterling","M"
"Stetson","M"
"Steve","M"
"Steven","M"
"Stevie","F"
"Stone","M"
"Stormy","F"
"Story","F"
"Stryker","M"
"Stuart","M"
"Subrahmanyan","M"
"Sudarshan","M"
"Sue","F"
"Sullivan","M"
"Suman","M"
"Sumio","M"
"Summer","F"
"Sungho","M"
"Sunny","F"
"Suri","F"
"Susan","F"
"Susana","F"
"Susanna","F"
"Susanne","F"
"Susie","F"
"Sutton","A"
"Suwardi","M"
"Suzanne","F"
"Sven","M"
"Svetlana","F"
"Sybil","F"
"Sydnee","F"
"Sydney","A"
"Syed","M"
"Sylas","M"
"Sylvain","M"
"Sylvester","M"
"Sylvia","F"
"Sylvie","F"
"Symphony","F"
"Syncere","M"
"Szilvia","F"
"Tabitha","F"
"Tadas","M"
"Tadeo","M"
"Tadeusz","M"
"Taelyn","F"
"Taha","M"
"Tahiry","F"
"Tahj","M"
"Tahlia","F"
"Tai","M"
"Taisaku","M"
"Taj","M"
"Takashi","M"
"Takehito","M"
"Takeo","M"
"Tala","F"
"Talan","M"
"Talia","F"
"Taliah","F"
"Taliyah","F"
"Tallulah","F"
"Talon","M"
"Talya","F"
"Tamar","F"
"Tamara","F"
"Tamia","F"
"Tamler","M"
"Tania","F"
"Taniyah","F"
"Tanner","M"
"Tanvi","F"
"Tanya","F"
"Tara","F"
"Taraji","F"
"Taryn","F"
"Tate","M"
"Tatiana","F"
"Tatum","A"
"Tayden","M"
"Taylin","F"
"Taylor","A"
"Taytum","F"
"Teagan","A"
"Ted","M"
"Teddy","M"
"Teegan","F"
"Tegan","F"
"Tej","M"
"Temperance","F"
"Tenley","F"
"Teofilo","M"
"Terence","M"
"Teresa","F"
"Terje","M"
"Terrance","M"
"Terrell","M"
"Terrence","M"
"Terry","A"
"Tesla","F"
"Tess","F"
"Tessa","F"
"Tessie","F"
"Tevin","M"
"Thad","M"
"Thaddeus","M"
"Thalia","F"
"Thatcher","M"
"Thea","F"
"Thelma","F"
"Theo","M"
"Theodor","M"
"Theodore","M"
"Theodosius","M"
"Théodule-Armand","M"
"Theresa","F"
"Thiago","M"
"Thien","M"
"Thierry","M"
"Thomas","M"
"Thor","M"
"Thorin","M"
"Thorleif","M"
"Tia","F"
"Tiago","M"
"Tian","M"
"Tiana","F"
"Tianna","F"
"Tianxiang","M"
"Tibor","M"
"Tien","M"
"Tiffany","F"
"Till","M"
"Tillie","F"
"Tilo","M"
"Tim","M"
"Timothy","M"
"Timothy Vivian","M"
"Tina","F"
"Tinley","F"
"Tinsley","F"
"Tirin","M"
"Titan","M"
"Titus","M"
"Tobias","M"
"Tobin","M"
"Toby","M"
"Todd","M"
"Tom","M"
"Tomas","M"
"Tomasz","M"
"Tommie","M"
"Tommy","M"
"Tomoko","F"
"Tomoyasu","M"
"Toni","F"
"Tony","M"
"Torbjorn","M"
"Tore","M"
"Tori","F"
"Torin","M"
"Torsten","M"
"Trace","M"
"Tracy","F"
"Travis","M"
"Trayvon","M"
"Treasure","F"
"Trent","M"
"Trenton","M"
"Trevon","M"
"Trevor","M"
"Trey","M"
"Tricia","F"
"Trinity","F"
"Tripp","M"
"Trisha","F"
"Tristan","M"
"Tristen","M"
"Tristian","M"
"Tristin","M"
"Triston","M"
"Troy","M"
"Truman","M"
"Trystan","M"
"Tsjalling","M"
"Tsuneyoshi","M"
"Tucker","M"
"Tudor","M"
"Tullio","M"
"Tuomas","M"
"Turner","M"
"Tuukka","M"
"Ty","M"
"Tyce","M"
"Tylan","M"
"Tyler","A"
"Tyree","M"
"Tyrell","M"
"Tyrese","M"
"Tyrone","M"
"Tyson","M"
"Tzvi","M"
"Ulises","M"
"Uljana","F"
"Ulle","M"
"Ullica","F"
"Ullin","M"
"Ulric","M"
"Ulrich","M"
"Ulysses","M"
"Umberto","M"
"Unique","F"
"Uri","M"
"Uriah","M"
"Uriel","M"
"Urijah","M"
"Urs","M"
"Ursula","F"
"Usha","F"
"Uta","F"
"Ute","F"
"Uwe","M"
"Vada","F"
"Vadym","M"
"Valdas","M"
"Valentin","M"
"Valentina","F"
"Valentino","M"
"Valeria","F"
"Valerie","F"
"Valerio","M"
"Valery","F"
"Valia","F"
"Van","M"
"Vance","M"
"Vanessa","F"
"Vasily","M"
"Vassiliki","F"
"Vasso","F"
"Vaughan","M"
"Vaughn","M"
"Vayda","F"
"Veda","F"
"Veer","M"
"Veerle","F"
"Veli-Pekka","M"
"Velma","F"
"Vera","F"
"Verda","F"
"Verena","F"
"Verna","F"
"Vernon","M"
"Veronica","F"
"Veronika","F"
"Veronique","F"
"Vesta","F"
"Viaan","M"
"Vicente","M"
"Victor","M"
"Victoria","A"
"Vida","F"
"Vienna","F"
"Vihaan","M"
"Viktor","M"
"Viktoria","F"
"Vilayanur","M"
"Villars","M"
"Vince","M"
"Vincent","M"
"Vincenzo","M"
"Viola","F"
"Violet","F"
"Violeta","F"
"Violette","F"
"Virgie","F"
"Virgil","M"
"Virginia","F"
"Virginie","F"
"Vít?zslav","M"
"Vito","M"
"Vittorio","M"
"Vivaan","M"
"Vivian","F"
"Viviana","F"
"Vivianna","F"
"Vivianne","F"
"Vivien","F"
"Vivienne","F"
"Vladimir","M"
"Vladmir","M"
"Volker","M"
"W?adys?aw","M"
"Wade","M"
"Walker","M"
"Wallace","M"
"Walter","M"
"Walther","M"
"Wanda","F"
"Ward","M"
"Warren","M"
"Warwick","M"
"Waverly","F"
"Waylon","M"
"Wayne","M"
"Webb","M"
"Wen-Hsiung","M"
"Wendell","M"
"Wendy","F"
"Werner","M"
"Wes","M"
"Wesley","M"
"Wesson","M"
"Westin","M"
"Westley","M"
"Weston","M"
"Westyn","M"
"Whitley","F"
"Whitman","M"
"Whitney","F"
"Wiebke","F"
"Wieslaw","M"
"Wilbert","M"
"Wilbur","M"
"Wilder","M"
"Wiley","M"
"Wilfred","M"
"Wilfrid","M"
"Wilfried","M"
"Wilhelm","M"
"Wilhelmina","F"
"Will","M"
"Willa","F"
"Willard","M"
"Willem","M"
"Willett","M"
"William","M"
"Willie","A"
"Willis","M"
"Willow","F"
"Wilma","F"
"Wilson","M"
"Wim","M"
"Winfried","M"
"Winifred","F"
"Winnie","F"
"Winston","M"
"Winter","F"
"Wojciech","M"
"Wolf","M"
"Wolfgang","M"
"Wolfram","M"
"Won","M"
"Wren","F"
"Wulf","M"
"Wyatt","M"
"Wybo","M"
"Wynter","F"
"Xander","M"
"Xavi","M"
"Xavier","M"
"Ximena","F"
"Xinmeng","F"
"Xiomara","F"
"Xochitl","F"
"Xue-Min","F"
"Xzavier","M"
"Yaakov","M"
"Yadiel","M"
"Yael","A"
"Yahir","M"
"Yahya","M"
"Yair","M"
"Yakir","M"
"Yakov","M"
"Yamilet","F"
"Yamileth","F"
"Yandel","M"
"Yaneli","F"
"Yannis","M"
"Yara","F"
"Yareli","F"
"Yarely","F"
"Yaretzi","F"
"Yaretzy","F"
"Yariel","M"
"Yaritza","F"
"Yaseen","M"
"Yasin","M"
"Yasmeen","F"
"Yasmin","F"
"Yasmine","F"
"Yasuhiko","M"
"Yasunobu","M"
"Yasuo","M"
"Yazmin","F"
"Yehoshua","M"
"Yehuda","M"
"Yervant","M"
"Yesenia","F"
"Yeshua","M"
"Yew-Kwang","M"
"Yi","F"
"Yichen","M"
"Yifat","F"
"Yifeng","M"
"Yirmiyahu","M"
"Yisroel","M"
"Yitzchok","M"
"Yoel","M"
"Yoichi","M"
"Yolanda","F"
"Yong-Sheng","M"
"Yoon-Ho","M"
"Yoram","M"
"York","M"
"Yosef","M"
"Yoselin","F"
"Yoshihisa","M"
"Yousef","M"
"Youssef","M"
"Yuichiro","M"
"Yukio","M"
"Yukiyasu","M"
"Yuko","F"
"Yuliana","F"
"Yun-Feng","M"
"Yuna","F"
"Yuri","M"
"Yusuf","M"
"Yuval","M"
"Yuyan","F"
"Yvette","F"
"Yvonne","F"
"Zachariah","M"
"Zachary","M"
"Zachery","M"
"Zack","M"
"Zackary","M"
"Zackery","M"
"Zaden","M"
"Zahara","F"
"Zahir","M"
"Zahra","F"
"Zaid","M"
"Zaiden","M"
"Zaidyn","M"
"Zain","M"
"Zaina","F"
"Zainab","F"
"Zaira","F"
"Zaire","M"
"Zakaria","M"
"Zakariya","M"
"Zamir","M"
"Zander","M"
"Zane","M"
"Zaniya","F"
"Zaniyah","F"
"Zara","F"
"Zaria","F"
"Zariah","F"
"Zariyah","F"
"Zavier","M"
"Zavion","M"
"Zaya","F"
"Zayd","M"
"Zayden","M"
"Zayla","F"
"Zaylee","F"
"Zaylen","M"
"Zayn","M"
"Zayne","M"
"Zayvion","M"
"Zechariah","M"
"Zeke","M"
"Zelda","F"
"Zella","F"
"Zelma","F"
"Zendaya","F"
"Zenon","M"
"Zenonas","M"
"Zeph","M"
"Zephaniah","M"
"Zev","M"
"Zhao","M"
"Zhenghan","M"
"Zhenglong","M"
"Zhi","M"
"Zhiping","F"
"Zia","F"
"Zijiang","M"
"Zing","M"
"Zion","A"
"Ziva","F"
"Zoe","F"
"Zoee","F"
"Zoey","F"
"Zoie","F"
"Zola","F"
"Zoltán","M"
"Zooey","F"
"Zora","F"
"Zoya","F"
"Zuri","F"
"Zyaire","M"
"Zyana","F"
"Zyon","M"
" Mihaly","M"
"Øystein","M"
